Parameter,Scale
Acc_low_Y_scale,0.9984575017915642
Acc_low_Z_scale,0.987252408576916
