Parameter,Scale
Acc_low_Y_scale,0.9996032398399439
Acc_low_Z_scale,1.0003324836309966
